{
  "project_info": {
    "project_number": "624990889800",
    "project_id": "engage-a2dd2",
    "storage_bucket": "engage-a2dd2.appspot.com"
  },
  "client": [
    {
      "client_info": {
        "mobilesdk_app_id": "1:624990889800:android:0169afe821d64bf3db757d",
        "android_client_info": {
          "package_name": "com.engage.engage"
        }
      },
      "oauth_client": [
        {
          "client_id": "624990889800-1t6o36u32tl52uvunktah1p1t6g4quq0.apps.googleusercontent.com",
          "client_type": 1,
          "android_info": {
            "package_name": "com.engage.engage",
            "certificate_hash": "60e16a63f8b23b6b84391cf25bd200a1b2006748"
          }
        },
        {
          "client_id": "624990889800-u32h4i9qghhb7bsa8i742nre7nc98djl.apps.googleusercontent.com",
          "client_type": 3
        }
      ],
      "api_key": [
        {
          "current_key": "AIzaSyB3qJ3Htfeg8o-aluzM104rjRreFZtcR9k"
        }
      ],
      "services": {
        "appinvite_service": {
          "other_platform_oauth_client": [
            {
              "client_id": "624990889800-u32h4i9qghhb7bsa8i742nre7nc98djl.apps.googleusercontent.com",
              "client_type": 3
            }
          ]
        }
      }
    }
  ],
  "configuration_version": "1"
}